browser,version,screenWidth,screenHeight,OS,OS_lang,GMT_timestamp,local_timestamp,mindsCode,link,calibration,id,age,sex,nationality
Chrome,98.0.4758.82,1366,768,Windows,en-US,2022-02-09_09:44:05,2022-02-09_15:14:05,M069284,https://www.testable.org/experiment/4597/148338/start?participant=M069284,0.91,M069284,"35",male,India

rowNo,type,stim1,stim2,stimPos,ITI,stimFormat,feedbackIncorrect,feedbackTime,head,responseType,responseOptions,if,then,fixation,button1,keyboard,key,cursor,random,trialType,correctSide,task,stimPos_actual,ITI_ms,ITI_f,ITI_fDuration,timestamp,response,RT,correct,responseCode
2,form,"","","","","","","",What is the highest level of education you completed?,dropdown,Less than High School; High School or Equivalent; College or Technical School; Bachelor's Degree; Master's Degree or Higher,Less than High School,screenout,"",Submit,"","","","","","","","",,"","",155408,Bachelor's Degree,18732,"0","4"
22,test,shrimpLarge,alligatorSmall,-335 0; 335 0,"700",.jpg,"Oops, this is incorrect! \n    <br> Remember, choose the one which is <b>smaller</b> on the screen.","5000","","","","","",ITI,"",f j,j,hide,"2",incongruent,right,smaller,-335 0;335 0,700,41,"17.08",276621,f,1647,"0",""
95,test,sofaSmall,microwaveLarge,-353 0; 353 0,"700",.jpg,"Oops, this is incorrect! \n    <br> Remember, choose the one which is <b>smaller</b> on the screen.","5000","","","","","",ITI,"",f j,f,hide,"2",incongruent,left,smaller,-353 0;353 0,700,42,"16.67",283797,f,1474,"1",""
66,test,chickenLarge,pandaSmall,-338 0; 338 0,"700",.jpg,"Oops, this is incorrect! \n    <br> Remember, choose the one which is <b>smaller</b> on the screen.","5000","","","","","",ITI,"",f j,j,hide,"2",incongruent,right,smaller,-338 0;338 0,700,42,"16.67",285925,j,1434,"1",""
198,test,tricycleLarge,helicopterSmall,-356 0; 356 0,"700",.jpg,"Oops, this is incorrect! \n    <br> Remember, choose the one which is <b>smaller</b> on the screen.","5000","","","","","",ITI,"",f j,j,hide,"2",incongruent,right,smaller,-356 0;356 0,700,42,"16.67",287892,j,1270,"1",""
231,test,suitcaseSmall,featherLarge,-344 0; 344 0,"700",.jpg,"Oops, this is incorrect! \n    <br> Remember, choose the one which is <b>smaller</b> on the screen.","5000","","","","","",ITI,"",f j,f,hide,"2",incongruent,left,smaller,-344 0;344 0,700,42,"16.67",290003,f,1414,"1",""
46,test,parrotLarge,orangutanSmall,-198 0; 198 0,"700",.jpg,"Oops, this is incorrect! \n    <br> Remember, choose the one which is <b>smaller</b> on the screen.","5000","","","","","",ITI,"",f j,j,hide,"2",incongruent,right,smaller,-198 0;198 0,700,42,"16.67",291700,j,1013,"1",""
232,test,suitcaseLarge,featherSmall,-338 0; 338 0,"700",.jpg,"Oops, this is incorrect! \n    <br> Remember, choose the one which is <b>smaller</b> on the screen.","5000","","","","","",ITI,"",f j,j,hide,"2",congruent,right,smaller,-338 0;338 0,700,42,"16.67",293236,j,847,"1",""
178,test,green beanLarge,cornSmall,-349 0; 349 0,"700",.jpg,"Oops, this is incorrect! \n    <br> Remember, choose the one which is <b>smaller</b> on the screen.","5000","","","","","",ITI,"",f j,j,hide,"2",incongruent,right,smaller,-349 0;349 0,700,42,"16.67",295692,j,1769,"1",""
101,test,scissorsSmall,trunkLarge,-215 0; 215 0,"700",.jpg,"Oops, this is incorrect! \n    <br> Remember, choose the one which is <b>smaller</b> on the screen.","5000","","","","","",ITI,"",f j,f,hide,"2",congruent,left,smaller,-215 0;215 0,700,42,"16.67",297572,f,1183,"1",""
205,test,skateboardSmall,airplaneLarge,-334 0; 334 0,"700",.jpg,"Oops, this is incorrect! \n    <br> Remember, choose the one which is <b>smaller</b> on the screen.","5000","","","","","",ITI,"",f j,f,hide,"2",congruent,left,smaller,-334 0;334 0,700,42,"16.67",298924,f,652,"1",""
149,test,strawberrySmall,pomegranateLarge,-288 0; 288 0,"700",.jpg,"Oops, this is incorrect! \n    <br> Remember, choose the one which is <b>smaller</b> on the screen.","5000","","","","","",ITI,"",f j,f,hide,"2",congruent,left,smaller,-288 0;288 0,700,42,"16.67",300460,f,838,"1",""
108,test,ladderLarge,hammerSmall,-167 0; 167 0,"700",.jpg,"Oops, this is incorrect! \n    <br> Remember, choose the one which is <b>smaller</b> on the screen.","5000","","","","","",ITI,"",f j,j,hide,"2",congruent,right,smaller,-167 0;167 0,700,42,"16.67",302020,j,864,"1",""
93,test,kittySmall,donkeyLarge,-309 0; 309 0,"700",.jpg,"Oops, this is incorrect! \n    <br> Remember, choose the one which is <b>smaller</b> on the screen.","5000","","","","","",ITI,"",f j,f,hide,"2",congruent,left,smaller,-309 0;309 0,700,42,"16.67",303556,f,851,"1",""
140,test,coconutLarge,blueberrySmall,-303 0; 303 0,"700",.jpg,"Oops, this is incorrect! \n    <br> Remember, choose the one which is <b>smaller</b> on the screen.","5000","","","","","",ITI,"",f j,j,hide,"2",congruent,right,smaller,-303 0;303 0,700,42,"16.67",305116,j,861,"1",""
87,test,deerSmall,frogLarge,-299 0; 299 0,"700",.jpg,"Oops, this is incorrect! \n    <br> Remember, choose the one which is <b>smaller</b> on the screen.","5000","","","","","",ITI,"",f j,f,hide,"2",incongruent,left,smaller,-299 0;299 0,700,42,"16.67",306443,f,638,"1",""
175,test,cornSmall,green beanLarge,-349 0; 349 0,"700",.jpg,"Oops, this is incorrect! \n    <br> Remember, choose the one which is <b>smaller</b> on the screen.","5000","","","","","",ITI,"",f j,f,hide,"2",incongruent,left,smaller,-349 0;349 0,700,42,"16.67",307859,f,722,"1",""
86,test,antLarge,giraffeSmall,-324 0; 324 0,"700",.jpg,"Oops, this is incorrect! \n    <br> Remember, choose the one which is <b>smaller</b> on the screen.","5000","","","","","",ITI,"",f j,j,hide,"2",incongruent,right,smaller,-324 0;324 0,700,42,"16.67",310132,f,1577,"0",""
153,test,raspberrySmall,orangeLarge,-307 0; 307 0,"700",.jpg,"Oops, this is incorrect! \n    <br> Remember, choose the one which is <b>smaller</b> on the screen.","5000","","","","","",ITI,"",f j,f,hide,"2",congruent,left,smaller,-307 0;307 0,700,42,"16.67",316739,f,901,"1",""
99,test,trunkSmall,scissorsLarge,-198 0; 198 0,"700",.jpg,"Oops, this is incorrect! \n    <br> Remember, choose the one which is <b>smaller</b> on the screen.","5000","","","","","",ITI,"",f j,f,hide,"2",incongruent,left,smaller,-198 0;198 0,700,42,"16.67",318059,f,621,"1",""
37,test,butterflySmall,elephantLarge,-322 0; 322 0,"700",.jpg,"Oops, this is incorrect! \n    <br> Remember, choose the one which is <b>smaller</b> on the screen.","5000","","","","","",ITI,"",f j,f,hide,"2",congruent,left,smaller,-322 0;322 0,700,42,"16.67",319267,f,512,"1",""
54,test,goldfishLarge,dolphinSmall,-341 0; 341 0,"700",.jpg,"Oops, this is incorrect! \n    <br> Remember, choose the one which is <b>smaller</b> on the screen.","5000","","","","","",ITI,"",f j,j,hide,"2",incongruent,right,smaller,-341 0;341 0,700,42,"16.67",320987,j,1032,"1",""
130,test,backpackLarge,dishwasherSmall,-262 0; 262 0,"700",.jpg,"Oops, this is incorrect! \n    <br> Remember, choose the one which is <b>smaller</b> on the screen.","5000","","","","","",ITI,"",f j,j,hide,"2",incongruent,right,smaller,-262 0;262 0,700,42,"16.67",323315,j,1643,"1",""
77,test,beeSmall,sheepLarge,-321 0; 321 0,"700",.jpg,"Oops, this is incorrect! \n    <br> Remember, choose the one which is <b>smaller</b> on the screen.","5000","","","","","",ITI,"",f j,f,hide,"2",congruent,left,smaller,-321 0;321 0,700,42,"16.67",325050,f,1046,"1",""
179,test,cabbageSmall,radishLarge,-339 0; 339 0,"700",.jpg,"Oops, this is incorrect! \n    <br> Remember, choose the one which is <b>smaller</b> on the screen.","5000","","","","","",ITI,"",f j,f,hide,"2",incongruent,left,smaller,-339 0;339 0,700,42,"16.67",326810,f,1072,"1",""
73,test,cricketSmall,walrusLarge,-369 0; 369 0,"700",.jpg,"Oops, this is incorrect! \n    <br> Remember, choose the one which is <b>smaller</b> on the screen.","5000","","","","","",ITI,"",f j,f,hide,"2",congruent,left,smaller,-369 0;369 0,700,42,"16.67",328467,f,963,"1",""
60,test,cowLarge,hedgehogSmall,-357 0; 357 0,"700",.jpg,"Oops, this is incorrect! \n    <br> Remember, choose the one which is <b>smaller</b> on the screen.","5000","","","","","",ITI,"",f j,j,hide,"2",congruent,right,smaller,-357 0;357 0,700,42,"16.67",329986,j,832,"1",""
47,test,zebraSmall,duckLarge,-315 0; 315 0,"700",.jpg,"Oops, this is incorrect! \n    <br> Remember, choose the one which is <b>smaller</b> on the screen.","5000","","","","","",ITI,"",f j,f,hide,"2",incongruent,left,smaller,-315 0;315 0,700,42,"16.67",331602,f,931,"1",""
58,test,wolfLarge,bearSmall,-301 0; 301 0,"700",.jpg,"Oops, this is incorrect! \n    <br> Remember, choose the one which is <b>smaller</b> on the screen.","5000","","","","","",ITI,"",f j,j,hide,"2",incongruent,right,smaller,-301 0;301 0,700,42,"16.67",333218,j,931,"1",""
63,test,pandaSmall,chickenLarge,-338 0; 338 0,"700",.jpg,"Oops, this is incorrect! \n    <br> Remember, choose the one which is <b>smaller</b> on the screen.","5000","","","","","",ITI,"",f j,f,hide,"2",incongruent,left,smaller,-338 0;338 0,700,42,"16.67",334474,f,570,"1",""
90,test,frogLarge,deerSmall,-299 0; 299 0,"700",.jpg,"Oops, this is incorrect! \n    <br> Remember, choose the one which is <b>smaller</b> on the screen.","5000","","","","","",ITI,"",f j,j,hide,"2",incongruent,right,smaller,-299 0;299 0,700,42,"16.67",335938,j,767,"1",""
150,test,strawberryLarge,pomegranateSmall,-286 0; 286 0,"700",.jpg,"Oops, this is incorrect! \n    <br> Remember, choose the one which is <b>smaller</b> on the screen.","5000","","","","","",ITI,"",f j,j,hide,"2",incongruent,right,smaller,-286 0;286 0,700,42,"16.67",337586,j,949,"1",""
61,test,hedgehogSmall,cowLarge,-357 0; 357 0,"700",.jpg,"Oops, this is incorrect! \n    <br> Remember, choose the one which is <b>smaller</b> on the screen.","5000","","","","","",ITI,"",f j,f,hide,"2",congruent,left,smaller,-357 0;357 0,700,42,"16.67",339210,f,940,"1",""
160,test,pumpkinLarge,mushroomSmall,-304 0; 304 0,"700",.jpg,"Oops, this is incorrect! \n    <br> Remember, choose the one which is <b>smaller</b> on the screen.","5000","","","","","",ITI,"",f j,j,hide,"2",congruent,right,smaller,-304 0;304 0,700,42,"16.67",340602,j,698,"1",""
100,test,trunkLarge,scissorsSmall,-215 0; 215 0,"700",.jpg,"Oops, this is incorrect! \n    <br> Remember, choose the one which is <b>smaller</b> on the screen.","5000","","","","","",ITI,"",f j,j,hide,"2",congruent,right,smaller,-215 0;215 0,700,42,"16.67",341802,j,515,"1",""
76,test,sheepLarge,beeSmall,-321 0; 321 0,"700",.jpg,"Oops, this is incorrect! \n    <br> Remember, choose the one which is <b>smaller</b> on the screen.","5000","","","","","",ITI,"",f j,j,hide,"2",congruent,right,smaller,-321 0;321 0,700,42,"16.67",343729,j,1242,"1",""
169,test,onionSmall,cauliflowerLarge,-320 0; 320 0,"700",.jpg,"Oops, this is incorrect! \n    <br> Remember, choose the one which is <b>smaller</b> on the screen.","5000","","","","","",ITI,"",f j,f,hide,"2",congruent,left,smaller,-320 0;320 0,700,42,"16.67",345153,f,733,"1",""
192,test,truckLarge,mopedSmall,-322 0; 322 0,"700",.jpg,"Oops, this is incorrect! \n    <br> Remember, choose the one which is <b>smaller</b> on the screen.","5000","","","","","",ITI,"",f j,j,hide,"2",congruent,right,smaller,-322 0;322 0,700,42,"16.67",346681,j,828,"1",""
43,test,orangutanSmall,parrotLarge,-198 0; 198 0,"700",.jpg,"Oops, this is incorrect! \n    <br> Remember, choose the one which is <b>smaller</b> on the screen.","5000","","","","","",ITI,"",f j,f,hide,"2",incongruent,left,smaller,-198 0;198 0,700,42,"16.67",348265,f,895,"1",""
62,test,hedgehogLarge,cowSmall,-358 0; 358 0,"700",.jpg,"Oops, this is incorrect! \n    <br> Remember, choose the one which is <b>smaller</b> on the screen.","5000","","","","","",ITI,"",f j,j,hide,"2",incongruent,right,smaller,-358 0;358 0,700,42,"16.67",350609,j,1656,"1",""
81,test,lizardSmall,rhinoLarge,-369 0; 369 0,"700",.jpg,"Oops, this is incorrect! \n    <br> Remember, choose the one which is <b>smaller</b> on the screen.","5000","","","","","",ITI,"",f j,f,hide,"2",congruent,left,smaller,-369 0;369 0,700,42,"16.67",352233,f,929,"1",""
234,test,featherLarge,suitcaseSmall,-344 0; 344 0,"700",.jpg,"Oops, this is incorrect! \n    <br> Remember, choose the one which is <b>smaller</b> on the screen.","5000","","","","","",ITI,"",f j,j,hide,"2",incongruent,right,smaller,-344 0;344 0,700,42,"16.67",353585,f,666,"0",""
185,test,pizzaSmall,cookieLarge,-301 0; 301 0,"700",.jpg,"Oops, this is incorrect! \n    <br> Remember, choose the one which is <b>smaller</b> on the screen.","5000","","","","","",ITI,"",f j,f,hide,"2",congruent,left,smaller,-301 0;301 0,700,42,"16.67",360321,f,1034,"1",""
219,test,leafSmall,houseLarge,-337 0; 337 0,"700",.jpg,"Oops, this is incorrect! \n    <br> Remember, choose the one which is <b>smaller</b> on the screen.","5000","","","","","",ITI,"",f j,f,hide,"2",incongruent,left,smaller,-337 0;337 0,700,42,"16.67",361945,f,925,"1",""
112,test,bedLarge,traySmall,-354 0; 354 0,"700",.jpg,"Oops, this is incorrect! \n    <br> Remember, choose the one which is <b>smaller</b> on the screen.","5000","","","","","",ITI,"",f j,j,hide,"2",congruent,right,smaller,-354 0;354 0,700,42,"16.67",364312,j,1676,"1",""
180,test,cabbageLarge,radishSmall,-333 0; 333 0,"700",.jpg,"Oops, this is incorrect! \n    <br> Remember, choose the one which is <b>smaller</b> on the screen.","5000","","","","","",ITI,"",f j,j,hide,"2",congruent,right,smaller,-333 0;333 0,700,42,"16.67",366448,j,1446,"1",""
32,test,gorillaLarge,squirrelSmall,-306 0; 306 0,"700",.jpg,"Oops, this is incorrect! \n    <br> Remember, choose the one which is <b>smaller</b> on the screen.","5000","","","","","",ITI,"",f j,j,hide,"2",congruent,right,smaller,-306 0;306 0,700,42,"16.67",367784,j,649,"1",""
17,test,mouseSmall,lionLarge,-334 0; 334 0,"700",.jpg,"Oops, this is incorrect! \n    <br> Remember, choose the one which is <b>smaller</b> on the screen.","5000","","","","","",ITI,"",f j,f,hide,"2",congruent,left,smaller,-334 0;334 0,700,42,"16.67",369088,f,618,"1",""
72,test,walrusLarge,cricketSmall,-369 0; 369 0,"700",.jpg,"Oops, this is incorrect! \n    <br> Remember, choose the one which is <b>smaller</b> on the screen.","5000","","","","","",ITI,"",f j,j,hide,"2",congruent,right,smaller,-369 0;369 0,700,42,"16.67",370824,j,1038,"1",""
246,test,joystickLarge,fountainSmall,-363 0; 363 0,"700",.jpg,"Oops, this is incorrect! \n    <br> Remember, choose the one which is <b>smaller</b> on the screen.","5000","","","","","",ITI,"",f j,j,hide,"2",incongruent,right,smaller,-363 0;363 0,700,42,"16.67",373104,j,1584,"1",""
92,test,donkeyLarge,kittySmall,-309 0; 309 0,"700",.jpg,"Oops, this is incorrect! \n    <br> Remember, choose the one which is <b>smaller</b> on the screen.","5000","","","","","",ITI,"",f j,j,hide,"2",congruent,right,smaller,-309 0;309 0,700,42,"16.67",375304,j,1501,"1",""
174,test,oliveLarge,lettuceSmall,-363 0; 363 0,"700",.jpg,"Oops, this is incorrect! \n    <br> Remember, choose the one which is <b>smaller</b> on the screen.","5000","","","","","",ITI,"",f j,j,hide,"2",incongruent,right,smaller,-363 0;363 0,700,42,"16.67",378448,j,2445,"1",""
186,test,pizzaLarge,cookieSmall,-300 0; 300 0,"700",.jpg,"Oops, this is incorrect! \n    <br> Remember, choose the one which is <b>smaller</b> on the screen.","5000","","","","","",ITI,"",f j,j,hide,"2",incongruent,right,smaller,-300 0;300 0,700,42,"16.67",380328,j,1192,"1",""
161,test,mushroomSmall,pumpkinLarge,-304 0; 304 0,"700",.jpg,"Oops, this is incorrect! \n    <br> Remember, choose the one which is <b>smaller</b> on the screen.","5000","","","","","",ITI,"",f j,f,hide,"2",congruent,left,smaller,-304 0;304 0,700,42,"16.67",381847,f,828,"1",""
91,test,donkeySmall,kittyLarge,-317 0; 317 0,"700",.jpg,"Oops, this is incorrect! \n    <br> Remember, choose the one which is <b>smaller</b> on the screen.","5000","","","","","",ITI,"",f j,f,hide,"2",incongruent,left,smaller,-317 0;317 0,700,42,"16.67",383584,f,1048,"1",""
138,test,apricotLarge,watermelonSmall,-300 0; 300 0,"700",.jpg,"Oops, this is incorrect! \n    <br> Remember, choose the one which is <b>smaller</b> on the screen.","5000","","","","","",ITI,"",f j,j,hide,"2",incongruent,right,smaller,-300 0;300 0,700,42,"16.67",385047,j,778,"1",""
195,test,helicopterSmall,tricycleLarge,-356 0; 356 0,"700",.jpg,"Oops, this is incorrect! \n    <br> Remember, choose the one which is <b>smaller</b> on the screen.","5000","","","","","",ITI,"",f j,f,hide,"2",incongruent,left,smaller,-356 0;356 0,700,42,"16.67",386984,f,1249,"1",""
191,test,truckSmall,mopedLarge,-312 0; 312 0,"700",.jpg,"Oops, this is incorrect! \n    <br> Remember, choose the one which is <b>smaller</b> on the screen.","5000","","","","","",ITI,"",f j,f,hide,"2",incongruent,left,smaller,-312 0;312 0,700,42,"16.67",389727,f,2058,"1",""
105,test,corkscrewSmall,refrigeratorLarge,-231 0; 231 0,"700",.jpg,"Oops, this is incorrect! \n    <br> Remember, choose the one which is <b>smaller</b> on the screen.","5000","","","","","",ITI,"",f j,f,hide,"2",congruent,left,smaller,-231 0;231 0,700,42,"16.67",391503,f,1085,"1",""
125,test,lampSmall,shelfLarge,-235 0; 235 0,"700",.jpg,"Oops, this is incorrect! \n    <br> Remember, choose the one which is <b>smaller</b> on the screen.","5000","","","","","",ITI,"",f j,f,hide,"2",congruent,left,smaller,-235 0;235 0,700,42,"16.67",392919,f,717,"1",""
143,test,pineappleSmall,cherryLarge,-223 0; 223 0,"700",.jpg,"Oops, this is incorrect! \n    <br> Remember, choose the one which is <b>smaller</b> on the screen.","5000","","","","","",ITI,"",f j,f,hide,"2",incongruent,left,smaller,-223 0;223 0,700,42,"16.67",395143,f,1525,"1",""
211,test,carSmall,wheelbarrowLarge,-356 0; 356 0,"700",.jpg,"Oops, this is incorrect! \n    <br> Remember, choose the one which is <b>smaller</b> on the screen.","5000","","","","","",ITI,"",f j,f,hide,"2",incongruent,left,smaller,-356 0;356 0,700,42,"16.67",396839,f,1004,"1",""
15,test,lionSmall,mouseLarge,-334 0; 334 0,"700",.jpg,"Oops, this is incorrect! \n    <br> Remember, choose the one which is <b>smaller</b> on the screen.","5000","","","","","",ITI,"",f j,f,hide,"2",incongruent,left,smaller,-334 0;334 0,700,42,"16.67",399111,f,1576,"1",""
210,test,boatLarge,shipSmall,-336 0; 336 0,"700",.jpg,"Oops, this is incorrect! \n    <br> Remember, choose the one which is <b>smaller</b> on the screen.","5000","","","","","",ITI,"",f j,j,hide,"2",incongruent,right,smaller,-336 0;336 0,700,42,"16.67",401782,j,1981,"1",""
135,test,watermelonSmall,apricotLarge,-300 0; 300 0,"700",.jpg,"Oops, this is incorrect! \n    <br> Remember, choose the one which is <b>smaller</b> on the screen.","5000","","","","","",ITI,"",f j,f,hide,"2",incongruent,left,smaller,-300 0;300 0,700,42,"16.67",403358,f,890,"1",""
229,test,graterSmall,skyscraperLarge,-220 0; 220 0,"700",.jpg,"Oops, this is incorrect! \n    <br> Remember, choose the one which is <b>smaller</b> on the screen.","5000","","","","","",ITI,"",f j,f,hide,"2",congruent,left,smaller,-220 0;220 0,700,42,"16.67",405006,f,955,"1",""
236,test,trashbinLarge,keySmall,-208 0; 208 0,"700",.jpg,"Oops, this is incorrect! \n    <br> Remember, choose the one which is <b>smaller</b> on the screen.","5000","","","","","",ITI,"",f j,j,hide,"2",congruent,right,smaller,-208 0;208 0,700,42,"16.67",406910,j,1210,"1",""
126,test,lampLarge,shelfSmall,-235 0; 235 0,"700",.jpg,"Oops, this is incorrect! \n    <br> Remember, choose the one which is <b>smaller</b> on the screen.","5000","","","","","",ITI,"",f j,j,hide,"2",incongruent,right,smaller,-235 0;235 0,700,42,"16.67",409086,j,1485,"1",""
214,test,wheelbarrowLarge,carSmall,-356 0; 356 0,"700",.jpg,"Oops, this is incorrect! \n    <br> Remember, choose the one which is <b>smaller</b> on the screen.","5000","","","","","",ITI,"",f j,j,hide,"2",incongruent,right,smaller,-356 0;356 0,700,42,"16.67",411342,f,1558,"0",""
116,test,tableLarge,hairdryerSmall,-350 0; 350 0,"700",.jpg,"Oops, this is incorrect! \n    <br> Remember, choose the one which is <b>smaller</b> on the screen.","5000","","","","","",ITI,"",f j,j,hide,"2",congruent,right,smaller,-350 0;350 0,700,42,"16.67",418430,j,1396,"1",""
203,test,airplaneSmall,skateboardLarge,-335 0; 335 0,"700",.jpg,"Oops, this is incorrect! \n    <br> Remember, choose the one which is <b>smaller</b> on the screen.","5000","","","","","",ITI,"",f j,f,hide,"2",incongruent,left,smaller,-335 0;335 0,700,42,"16.67",420622,f,1505,"1",""
217,test,coinSmall,wheelLarge,-299 0; 299 0,"700",.jpg,"Oops, this is incorrect! \n    <br> Remember, choose the one which is <b>smaller</b> on the screen.","5000","","","","","",ITI,"",f j,f,hide,"2",congruent,left,smaller,-299 0;299 0,700,42,"16.67",422421,f,1104,"1",""
68,test,horseLarge,chickSmall,-342 0; 342 0,"700",.jpg,"Oops, this is incorrect! \n    <br> Remember, choose the one which is <b>smaller</b> on the screen.","5000","","","","","",ITI,"",f j,j,hide,"2",congruent,right,smaller,-342 0;342 0,700,42,"16.67",424701,j,1584,"1",""
134,test,bootLarge,ovenSmall,-280 0; 280 0,"700",.jpg,"Oops, this is incorrect! \n    <br> Remember, choose the one which is <b>smaller</b> on the screen.","5000","","","","","",ITI,"",f j,j,hide,"2",incongruent,right,smaller,-280 0;280 0,700,42,"16.67",426877,j,1477,"1",""
83,test,giraffeSmall,antLarge,-324 0; 324 0,"700",.jpg,"Oops, this is incorrect! \n    <br> Remember, choose the one which is <b>smaller</b> on the screen.","5000","","","","","",ITI,"",f j,f,hide,"2",incongruent,left,smaller,-324 0;324 0,700,42,"16.67",428861,f,1294,"1",""
213,test,wheelbarrowSmall,carLarge,-347 0; 347 0,"700",.jpg,"Oops, this is incorrect! \n    <br> Remember, choose the one which is <b>smaller</b> on the screen.","5000","","","","","",ITI,"",f j,f,hide,"2",congruent,left,smaller,-347 0;347 0,700,42,"16.67",432133,j,2583,"0",""
18,test,mouseLarge,lionSmall,-334 0; 334 0,"700",.jpg,"Oops, this is incorrect! \n    <br> Remember, choose the one which is <b>smaller</b> on the screen.","5000","","","","","",ITI,"",f j,j,hide,"2",incongruent,right,smaller,-334 0;334 0,700,42,"16.67",439509,j,1675,"1",""
228,test,skyscraperLarge,graterSmall,-220 0; 220 0,"700",.jpg,"Oops, this is incorrect! \n    <br> Remember, choose the one which is <b>smaller</b> on the screen.","5000","","","","","",ITI,"",f j,j,hide,"2",congruent,right,smaller,-220 0;220 0,700,42,"16.67",442532,j,2333,"1",""
225,test,lighterSmall,treeLarge,-208 0; 208 0,"700",.jpg,"Oops, this is incorrect! \n    <br> Remember, choose the one which is <b>smaller</b> on the screen.","5000","","","","","",ITI,"",f j,f,hide,"2",congruent,left,smaller,-208 0;208 0,700,42,"16.67",444764,f,1532,"1",""
103,test,refrigeratorSmall,corkscrewLarge,-240 0; 240 0,"700",.jpg,"Oops, this is incorrect! \n    <br> Remember, choose the one which is <b>smaller</b> on the screen.","5000","","","","","",ITI,"",f j,f,hide,"2",incongruent,left,smaller,-240 0;240 0,700,42,"16.67",446924,f,1475,"1",""
216,test,wheelLarge,coinSmall,-299 0; 299 0,"700",.jpg,"Oops, this is incorrect! \n    <br> Remember, choose the one which is <b>smaller</b> on the screen.","5000","","","","","",ITI,"",f j,j,hide,"2",congruent,right,smaller,-299 0;299 0,700,42,"16.67",448636,j,1020,"1",""
70,test,chickLarge,horseSmall,-337 0; 337 0,"700",.jpg,"Oops, this is incorrect! \n    <br> Remember, choose the one which is <b>smaller</b> on the screen.","5000","","","","","",ITI,"",f j,j,hide,"2",incongruent,right,smaller,-337 0;337 0,700,42,"16.67",450484,j,1151,"1",""
131,test,ovenSmall,bootLarge,-280 0; 280 0,"700",.jpg,"Oops, this is incorrect! \n    <br> Remember, choose the one which is <b>smaller</b> on the screen.","5000","","","","","",ITI,"",f j,f,hide,"2",incongruent,left,smaller,-280 0;280 0,700,42,"16.67",452556,f,1373,"1",""
106,test,corkscrewLarge,refrigeratorSmall,-240 0; 240 0,"700",.jpg,"Oops, this is incorrect! \n    <br> Remember, choose the one which is <b>smaller</b> on the screen.","5000","","","","","",ITI,"",f j,j,hide,"2",incongruent,right,smaller,-240 0;240 0,700,42,"16.67",455051,j,1802,"1",""
29,test,rabbitSmall,tigerLarge,-301 0; 301 0,"700",.jpg,"Oops, this is incorrect! \n    <br> Remember, choose the one which is <b>smaller</b> on the screen.","5000","","","","","",ITI,"",f j,f,hide,"2",congruent,left,smaller,-301 0;301 0,700,42,"16.67",457155,f,1407,"1",""
141,test,blueberrySmall,coconutLarge,-303 0; 303 0,"700",.jpg,"Oops, this is incorrect! \n    <br> Remember, choose the one which is <b>smaller</b> on the screen.","5000","","","","","",ITI,"",f j,f,hide,"2",congruent,left,smaller,-303 0;303 0,700,42,"16.67",458772,f,924,"1",""
247,test,cannonSmall,beltLarge,-353 0; 353 0,"700",.jpg,"Oops, this is incorrect! \n    <br> Remember, choose the one which is <b>smaller</b> on the screen.","5000","","","","","",ITI,"",f j,f,hide,"2",incongruent,left,smaller,-353 0;353 0,700,42,"16.67",460860,f,1394,"1",""
145,test,cherrySmall,pineappleLarge,-226 0; 226 0,"700",.jpg,"Oops, this is incorrect! \n    <br> Remember, choose the one which is <b>smaller</b> on the screen.","5000","","","","","",ITI,"",f j,f,hide,"2",congruent,left,smaller,-226 0;226 0,700,42,"16.67",463307,f,1759,"1",""
249,test,beltSmall,cannonLarge,-353 0; 353 0,"700",.jpg,"Oops, this is incorrect! \n    <br> Remember, choose the one which is <b>smaller</b> on the screen.","5000","","","","","",ITI,"",f j,f,hide,"2",congruent,left,smaller,-353 0;353 0,700,42,"16.67",465107,f,1108,"1",""
25,test,turtleSmall,hippoLarge,-366 0; 366 0,"700",.jpg,"Oops, this is incorrect! \n    <br> Remember, choose the one which is <b>smaller</b> on the screen.","5000","","","","","",ITI,"",f j,f,hide,"2",congruent,left,smaller,-366 0;366 0,700,42,"16.67",466707,f,908,"1",""
123,test,shelfSmall,lampLarge,-235 0; 235 0,"700",.jpg,"Oops, this is incorrect! \n    <br> Remember, choose the one which is <b>smaller</b> on the screen.","5000","","","","","",ITI,"",f j,f,hide,"2",incongruent,left,smaller,-235 0;235 0,700,42,"16.67",468443,f,1044,"1",""
53,test,goldfishSmall,dolphinLarge,-341 0; 341 0,"700",.jpg,"Oops, this is incorrect! \n    <br> Remember, choose the one which is <b>smaller</b> on the screen.","5000","","","","","",ITI,"",f j,f,hide,"2",congruent,left,smaller,-341 0;341 0,700,42,"16.67",470067,f,935,"1",""
124,test,shelfLarge,lampSmall,-235 0; 235 0,"700",.jpg,"Oops, this is incorrect! \n    <br> Remember, choose the one which is <b>smaller</b> on the screen.","5000","","","","","",ITI,"",f j,j,hide,"2",congruent,right,smaller,-235 0;235 0,700,42,"16.67",471643,j,878,"1",""
157,test,plumSmall,melonLarge,-330 0; 330 0,"700",.jpg,"Oops, this is incorrect! \n    <br> Remember, choose the one which is <b>smaller</b> on the screen.","5000","","","","","",ITI,"",f j,f,hide,"2",congruent,left,smaller,-330 0;330 0,700,42,"16.67",473211,f,879,"1",""
23,test,hippoSmall,turtleLarge,-365 0; 365 0,"700",.jpg,"Oops, this is incorrect! \n    <br> Remember, choose the one which is <b>smaller</b> on the screen.","5000","","","","","",ITI,"",f j,f,hide,"2",incongruent,left,smaller,-365 0;365 0,700,42,"16.67",474691,f,792,"1",""
35,test,elephantSmall,butterflyLarge,-328 0; 328 0,"700",.jpg,"Oops, this is incorrect! \n    <br> Remember, choose the one which is <b>smaller</b> on the screen.","5000","","","","","",ITI,"",f j,f,hide,"2",incongruent,left,smaller,-328 0;328 0,700,42,"16.67",476594,f,1213,"1",""
114,test,trayLarge,bedSmall,-350 0; 350 0,"700",.jpg,"Oops, this is incorrect! \n    <br> Remember, choose the one which is <b>smaller</b> on the screen.","5000","","","","","",ITI,"",f j,j,hide,"2",incongruent,right,smaller,-350 0;350 0,700,42,"16.67",478490,j,1208,"1",""
109,test,hammerSmall,ladderLarge,-167 0; 167 0,"700",.jpg,"Oops, this is incorrect! \n    <br> Remember, choose the one which is <b>smaller</b> on the screen.","5000","","","","","",ITI,"",f j,f,hide,"2",congruent,left,smaller,-167 0;167 0,700,42,"16.67",480258,f,1077,"1",""
144,test,pineappleLarge,cherrySmall,-226 0; 226 0,"700",.jpg,"Oops, this is incorrect! \n    <br> Remember, choose the one which is <b>smaller</b> on the screen.","5000","","","","","",ITI,"",f j,j,hide,"2",congruent,right,smaller,-226 0;226 0,700,42,"16.67",482155,j,1207,"1",""
59,test,cowSmall,hedgehogLarge,-358 0; 358 0,"700",.jpg,"Oops, this is incorrect! \n    <br> Remember, choose the one which is <b>smaller</b> on the screen.","5000","","","","","",ITI,"",f j,f,hide,"2",incongruent,left,smaller,-358 0;358 0,700,42,"16.67",484634,f,1786,"1",""
121,test,toasterSmall,armchairLarge,-312 0; 312 0,"700",.jpg,"Oops, this is incorrect! \n    <br> Remember, choose the one which is <b>smaller</b> on the screen.","5000","","","","","",ITI,"",f j,f,hide,"2",congruent,left,smaller,-312 0;312 0,700,42,"16.67",486322,f,991,"1",""
119,test,armchairSmall,toasterLarge,-312 0; 312 0,"700",.jpg,"Oops, this is incorrect! \n    <br> Remember, choose the one which is <b>smaller</b> on the screen.","5000","","","","","",ITI,"",f j,f,hide,"2",incongruent,left,smaller,-312 0;312 0,700,42,"16.67",487890,f,876,"1",""
49,test,duckSmall,zebraLarge,-311 0; 311 0,"700",.jpg,"Oops, this is incorrect! \n    <br> Remember, choose the one which is <b>smaller</b> on the screen.","5000","","","","","",ITI,"",f j,f,hide,"2",congruent,left,smaller,-311 0;311 0,700,42,"16.67",489450,f,869,"1",""
65,test,chickenSmall,pandaLarge,-333 0; 333 0,"700",.jpg,"Oops, this is incorrect! \n    <br> Remember, choose the one which is <b>smaller</b> on the screen.","5000","","","","","",ITI,"",f j,f,hide,"2",congruent,left,smaller,-333 0;333 0,700,42,"16.67",492322,f,2174,"1",""
201,test,bikeSmall,schoolbusLarge,-370 0; 370 0,"700",.jpg,"Oops, this is incorrect! \n    <br> Remember, choose the one which is <b>smaller</b> on the screen.","5000","","","","","",ITI,"",f j,f,hide,"2",congruent,left,smaller,-370 0;370 0,700,42,"16.67",494002,f,987,"1",""
215,test,wheelSmall,coinLarge,-300 0; 300 0,"700",.jpg,"Oops, this is incorrect! \n    <br> Remember, choose the one which is <b>smaller</b> on the screen.","5000","","","","","",ITI,"",f j,f,hide,"2",incongruent,left,smaller,-300 0;300 0,700,42,"16.67",495865,f,1169,"1",""
85,test,antSmall,giraffeLarge,-317 0; 317 0,"700",.jpg,"Oops, this is incorrect! \n    <br> Remember, choose the one which is <b>smaller</b> on the screen.","5000","","","","","",ITI,"",f j,f,hide,"2",congruent,left,smaller,-317 0;317 0,700,42,"16.67",498097,f,1533,"1",""
39,test,camelSmall,pigeonLarge,-250 0; 250 0,"700",.jpg,"Oops, this is incorrect! \n    <br> Remember, choose the one which is <b>smaller</b> on the screen.","5000","","","","","",ITI,"",f j,f,hide,"2",incongruent,left,smaller,-250 0;250 0,700,42,"16.67",500041,f,1244,"1",""
80,test,rhinoLarge,lizardSmall,-369 0; 369 0,"700",.jpg,"Oops, this is incorrect! \n    <br> Remember, choose the one which is <b>smaller</b> on the screen.","5000","","","","","",ITI,"",f j,j,hide,"2",congruent,right,smaller,-369 0;369 0,700,42,"16.67",502857,j,2127,"1",""
208,test,shipLarge,boatSmall,-335 0; 335 0,"700",.jpg,"Oops, this is incorrect! \n    <br> Remember, choose the one which is <b>smaller</b> on the screen.","5000","","","","","",ITI,"",f j,j,hide,"2",congruent,right,smaller,-335 0;335 0,700,42,"16.67",505993,j,2446,"1",""
30,test,rabbitLarge,tigerSmall,-306 0; 306 0,"700",.jpg,"Oops, this is incorrect! \n    <br> Remember, choose the one which is <b>smaller</b> on the screen.","5000","","","","","",ITI,"",f j,j,hide,"2",incongruent,right,smaller,-306 0;306 0,700,42,"16.67",508369,j,1689,"1",""
151,test,orangeSmall,raspberryLarge,-308 0; 308 0,"700",.jpg,"Oops, this is incorrect! \n    <br> Remember, choose the one which is <b>smaller</b> on the screen.","5000","","","","","",ITI,"",f j,f,hide,"2",incongruent,left,smaller,-308 0;308 0,700,42,"16.67",510385,f,1322,"1",""
190,test,croissantLarge,breadSmall,-341 0; 341 0,"700",.jpg,"Oops, this is incorrect! \n    <br> Remember, choose the one which is <b>smaller</b> on the screen.","5000","","","","","",ITI,"",f j,j,hide,"2",incongruent,right,smaller,-341 0;341 0,700,42,"16.67",513353,j,2273,"1",""
230,test,graterLarge,skyscraperSmall,-211 0; 211 0,"700",.jpg,"Oops, this is incorrect! \n    <br> Remember, choose the one which is <b>smaller</b> on the screen.","5000","","","","","",ITI,"",f j,j,hide,"2",incongruent,right,smaller,-211 0;211 0,700,42,"16.67",518417,j,4371,"1",""
196,test,helicopterLarge,tricycleSmall,-353 0; 353 0,"700",.jpg,"Oops, this is incorrect! \n    <br> Remember, choose the one which is <b>smaller</b> on the screen.","5000","","","","","",ITI,"",f j,j,hide,"2",congruent,right,smaller,-353 0;353 0,700,42,"16.67",521584,j,2471,"1",""
183,test,cookieSmall,pizzaLarge,-300 0; 300 0,"700",.jpg,"Oops, this is incorrect! \n    <br> Remember, choose the one which is <b>smaller</b> on the screen.","5000","","","","","",ITI,"",f j,f,hide,"2",incongruent,left,smaller,-300 0;300 0,700,42,"16.67",523224,f,945,"1",""
41,test,pigeonSmall,camelLarge,-255 0; 255 0,"700",.jpg,"Oops, this is incorrect! \n    <br> Remember, choose the one which is <b>smaller</b> on the screen.","5000","","","","","",ITI,"",f j,f,hide,"2",congruent,left,smaller,-255 0;255 0,700,42,"16.67",526872,f,2959,"1",""
55,test,bearSmall,wolfLarge,-301 0; 301 0,"700",.jpg,"Oops, this is incorrect! \n    <br> Remember, choose the one which is <b>smaller</b> on the screen.","5000","","","","","",ITI,"",f j,f,hide,"2",incongruent,left,smaller,-301 0;301 0,700,42,"16.67",529192,f,1629,"1",""
69,test,chickSmall,horseLarge,-342 0; 342 0,"700",.jpg,"Oops, this is incorrect! \n    <br> Remember, choose the one which is <b>smaller</b> on the screen.","5000","","","","","",ITI,"",f j,f,hide,"2",congruent,left,smaller,-342 0;342 0,700,42,"16.67",531328,f,1449,"1",""
163,test,eggplantSmall,chilliLarge,-274 0; 274 0,"700",.jpg,"Oops, this is incorrect! \n    <br> Remember, choose the one which is <b>smaller</b> on the screen.","5000","","","","","",ITI,"",f j,f,hide,"2",incongruent,left,smaller,-274 0;274 0,700,42,"16.67",534295,f,2282,"1",""
238,test,keyLarge,trashbinSmall,-202 0; 202 0,"700",.jpg,"Oops, this is incorrect! \n    <br> Remember, choose the one which is <b>smaller</b> on the screen.","5000","","","","","",ITI,"",f j,j,hide,"2",incongruent,right,smaller,-202 0;202 0,700,42,"16.67",536735,j,1740,"1",""
132,test,ovenLarge,bootSmall,-273 0; 273 0,"700",.jpg,"Oops, this is incorrect! \n    <br> Remember, choose the one which is <b>smaller</b> on the screen.","5000","","","","","",ITI,"",f j,j,hide,"2",congruent,right,smaller,-273 0;273 0,700,42,"16.67",540047,j,2618,"1",""
102,test,scissorsLarge,trunkSmall,-198 0; 198 0,"700",.jpg,"Oops, this is incorrect! \n    <br> Remember, choose the one which is <b>smaller</b> on the screen.","5000","","","","","",ITI,"",f j,j,hide,"2",incongruent,right,smaller,-198 0;198 0,700,42,"16.67",542087,j,1341,"1",""
221,test,houseSmall,leafLarge,-342 0; 342 0,"700",.jpg,"Oops, this is incorrect! \n    <br> Remember, choose the one which is <b>smaller</b> on the screen.","5000","","","","","",ITI,"",f j,f,hide,"2",congruent,left,smaller,-342 0;342 0,700,42,"16.67",544071,f,1292,"1",""
20,test,alligatorLarge,shrimpSmall,-337 0; 337 0,"700",.jpg,"Oops, this is incorrect! \n    <br> Remember, choose the one which is <b>smaller</b> on the screen.","5000","","","","","",ITI,"",f j,j,hide,"2",congruent,right,smaller,-337 0;337 0,700,42,"16.67",546663,j,1901,"1",""
224,test,treeLarge,lighterSmall,-208 0; 208 0,"700",.jpg,"Oops, this is incorrect! \n    <br> Remember, choose the one which is <b>smaller</b> on the screen.","5000","","","","","",ITI,"",f j,j,hide,"2",congruent,right,smaller,-208 0;208 0,700,42,"16.67",549391,j,2029,"1",""
110,test,hammerLarge,ladderSmall,-156 0; 156 0,"700",.jpg,"Oops, this is incorrect! \n    <br> Remember, choose the one which is <b>smaller</b> on the screen.","5000","","","","","",ITI,"",f j,j,hide,"2",incongruent,right,smaller,-156 0;156 0,700,42,"16.67",551623,j,1544,"1",""
250,test,beltLarge,cannonSmall,-353 0; 353 0,"700",.jpg,"Oops, this is incorrect! \n    <br> Remember, choose the one which is <b>smaller</b> on the screen.","5000","","","","","",ITI,"",f j,j,hide,"2",incongruent,right,smaller,-353 0;353 0,700,42,"16.67",554134,j,1822,"1",""
248,test,cannonLarge,beltSmall,-353 0; 353 0,"700",.jpg,"Oops, this is incorrect! \n    <br> Remember, choose the one which is <b>smaller</b> on the screen.","5000","","","","","",ITI,"",f j,j,hide,"2",congruent,right,smaller,-353 0;353 0,700,42,"16.67",556582,j,1754,"1",""
165,test,chilliSmall,eggplantLarge,-274 0; 274 0,"700",.jpg,"Oops, this is incorrect! \n    <br> Remember, choose the one which is <b>smaller</b> on the screen.","5000","","","","","",ITI,"",f j,f,hide,"2",congruent,left,smaller,-274 0;274 0,700,42,"16.67",559110,f,1833,"1",""
226,test,lighterLarge,treeSmall,-192 0; 192 0,"700",.jpg,"Oops, this is incorrect! \n    <br> Remember, choose the one which is <b>smaller</b> on the screen.","5000","","","","","",ITI,"",f j,j,hide,"2",incongruent,right,smaller,-192 0;192 0,700,42,"16.67",560950,j,1155,"1",""
200,test,schoolbusLarge,bikeSmall,-370 0; 370 0,"700",.jpg,"Oops, this is incorrect! \n    <br> Remember, choose the one which is <b>smaller</b> on the screen.","5000","","","","","",ITI,"",f j,j,hide,"2",congruent,right,smaller,-370 0;370 0,700,42,"16.67",564486,j,2841,"1",""
182,test,radishLarge,cabbageSmall,-339 0; 339 0,"700",.jpg,"Oops, this is incorrect! \n    <br> Remember, choose the one which is <b>smaller</b> on the screen.","5000","","","","","",ITI,"",f j,j,hide,"2",incongruent,right,smaller,-339 0;339 0,700,42,"16.67",566654,j,1476,"1",""
148,test,pomegranateLarge,strawberrySmall,-288 0; 288 0,"700",.jpg,"Oops, this is incorrect! \n    <br> Remember, choose the one which is <b>smaller</b> on the screen.","5000","","","","","",ITI,"",f j,j,hide,"2",congruent,right,smaller,-288 0;288 0,700,42,"16.67",568126,j,781,"1",""
31,test,gorillaSmall,squirrelLarge,-306 0; 306 0,"700",.jpg,"Oops, this is incorrect! \n    <br> Remember, choose the one which is <b>smaller</b> on the screen.","5000","","","","","",ITI,"",f j,f,hide,"2",incongruent,left,smaller,-306 0;306 0,700,42,"16.67",570374,f,1563,"1",""
139,test,coconutSmall,blueberryLarge,-309 0; 309 0,"700",.jpg,"Oops, this is incorrect! \n    <br> Remember, choose the one which is <b>smaller</b> on the screen.","5000","","","","","",ITI,"",f j,f,hide,"2",incongruent,left,smaller,-309 0;309 0,700,42,"16.67",572309,f,1248,"1",""
136,test,watermelonLarge,apricotSmall,-302 0; 302 0,"700",.jpg,"Oops, this is incorrect! \n    <br> Remember, choose the one which is <b>smaller</b> on the screen.","5000","","","","","",ITI,"",f j,j,hide,"2",congruent,right,smaller,-302 0;302 0,700,42,"16.67",573942,j,947,"1",""
36,test,elephantLarge,butterflySmall,-322 0; 322 0,"700",.jpg,"Oops, this is incorrect! \n    <br> Remember, choose the one which is <b>smaller</b> on the screen.","5000","","","","","",ITI,"",f j,j,hide,"2",congruent,right,smaller,-322 0;322 0,700,42,"16.67",576558,j,1930,"1",""
158,test,plumLarge,melonSmall,-331 0; 331 0,"700",.jpg,"Oops, this is incorrect! \n    <br> Remember, choose the one which is <b>smaller</b> on the screen.","5000","","","","","",ITI,"",f j,j,hide,"2",incongruent,right,smaller,-331 0;331 0,700,42,"16.67",586356,j,9112,"1",""
89,test,frogSmall,deerLarge,-295 0; 295 0,"700",.jpg,"Oops, this is incorrect! \n    <br> Remember, choose the one which is <b>smaller</b> on the screen.","5000","","","","","",ITI,"",f j,f,hide,"2",congruent,left,smaller,-295 0;295 0,700,42,"16.67",591469,f,4425,"1",""
79,test,rhinoSmall,lizardLarge,-371 0; 371 0,"700",.jpg,"Oops, this is incorrect! \n    <br> Remember, choose the one which is <b>smaller</b> on the screen.","5000","","","","","",ITI,"",f j,f,hide,"2",incongruent,left,smaller,-371 0;371 0,700,42,"16.67",593420,f,1259,"1",""
44,test,orangutanLarge,parrotSmall,-207 0; 207 0,"700",.jpg,"Oops, this is incorrect! \n    <br> Remember, choose the one which is <b>smaller</b> on the screen.","5000","","","","","",ITI,"",f j,j,hide,"2",congruent,right,smaller,-207 0;207 0,700,42,"16.67",596709,j,2598,"1",""
133,test,bootSmall,ovenLarge,-273 0; 273 0,"700",.jpg,"Oops, this is incorrect! \n    <br> Remember, choose the one which is <b>smaller</b> on the screen.","5000","","","","","",ITI,"",f j,f,hide,"2",congruent,left,smaller,-273 0;273 0,700,42,"16.67",600652,f,3259,"1",""
48,test,zebraLarge,duckSmall,-311 0; 311 0,"700",.jpg,"Oops, this is incorrect! \n    <br> Remember, choose the one which is <b>smaller</b> on the screen.","5000","","","","","",ITI,"",f j,j,hide,"2",congruent,right,smaller,-311 0;311 0,700,42,"16.67",602316,j,973,"1",""
42,test,pigeonLarge,camelSmall,-250 0; 250 0,"700",.jpg,"Oops, this is incorrect! \n    <br> Remember, choose the one which is <b>smaller</b> on the screen.","5000","","","","","",ITI,"",f j,j,hide,"2",incongruent,right,smaller,-250 0;250 0,700,42,"16.67",604388,j,1379,"1",""
197,test,tricycleSmall,helicopterLarge,-353 0; 353 0,"700",.jpg,"Oops, this is incorrect! \n    <br> Remember, choose the one which is <b>smaller</b> on the screen.","5000","","","","","",ITI,"",f j,f,hide,"2",congruent,left,smaller,-353 0;353 0,700,42,"16.67",607756,j,2680,"0",""
152,test,orangeLarge,raspberrySmall,-307 0; 307 0,"700",.jpg,"Oops, this is incorrect! \n    <br> Remember, choose the one which is <b>smaller</b> on the screen.","5000","","","","","",ITI,"",f j,j,hide,"2",congruent,right,smaller,-307 0;307 0,700,42,"16.67",614788,j,1328,"1",""
127,test,dishwasherSmall,backpackLarge,-262 0; 262 0,"700",.jpg,"Oops, this is incorrect! \n    <br> Remember, choose the one which is <b>smaller</b> on the screen.","5000","","","","","",ITI,"",f j,f,hide,"2",incongruent,left,smaller,-262 0;262 0,700,42,"16.67",617483,f,2008,"1",""
188,test,breadLarge,croissantSmall,-341 0; 341 0,"700",.jpg,"Oops, this is incorrect! \n    <br> Remember, choose the one which is <b>smaller</b> on the screen.","5000","","","","","",ITI,"",f j,j,hide,"2",congruent,right,smaller,-341 0;341 0,700,42,"16.67",619387,j,1211,"1",""
34,test,squirrelLarge,gorillaSmall,-306 0; 306 0,"700",.jpg,"Oops, this is incorrect! \n    <br> Remember, choose the one which is <b>smaller</b> on the screen.","5000","","","","","",ITI,"",f j,j,hide,"2",incongruent,right,smaller,-306 0;306 0,700,42,"16.67",622147,j,2071,"1",""
56,test,bearLarge,wolfSmall,-295 0; 295 0,"700",.jpg,"Oops, this is incorrect! \n    <br> Remember, choose the one which is <b>smaller</b> on the screen.","5000","","","","","",ITI,"",f j,j,hide,"2",congruent,right,smaller,-295 0;295 0,700,42,"16.67",623731,j,888,"1",""
237,test,keySmall,trashbinLarge,-208 0; 208 0,"700",.jpg,"Oops, this is incorrect! \n    <br> Remember, choose the one which is <b>smaller</b> on the screen.","5000","","","","","",ITI,"",f j,f,hide,"2",congruent,left,smaller,-208 0;208 0,700,42,"16.67",625419,f,994,"1",""
40,test,camelLarge,pigeonSmall,-255 0; 255 0,"700",.jpg,"Oops, this is incorrect! \n    <br> Remember, choose the one which is <b>smaller</b> on the screen.","5000","","","","","",ITI,"",f j,j,hide,"2",congruent,right,smaller,-255 0;255 0,700,42,"16.67",627411,j,1302,"1",""
115,test,tableSmall,hairdryerLarge,-351 0; 351 0,"700",.jpg,"Oops, this is incorrect! \n    <br> Remember, choose the one which is <b>smaller</b> on the screen.","5000","","","","","",ITI,"",f j,f,hide,"2",incongruent,left,smaller,-351 0;351 0,700,42,"16.67",631026,f,2918,"1",""
33,test,squirrelSmall,gorillaLarge,-306 0; 306 0,"700",.jpg,"Oops, this is incorrect! \n    <br> Remember, choose the one which is <b>smaller</b> on the screen.","5000","","","","","",ITI,"",f j,f,hide,"2",congruent,left,smaller,-306 0;306 0,700,42,"16.67",632778,f,1053,"1",""
75,test,sheepSmall,beeLarge,-319 0; 319 0,"700",.jpg,"Oops, this is incorrect! \n    <br> Remember, choose the one which is <b>smaller</b> on the screen.","5000","","","","","",ITI,"",f j,f,hide,"2",incongruent,left,smaller,-319 0;319 0,700,42,"16.67",634867,f,1392,"1",""
166,test,chilliLarge,eggplantSmall,-274 0; 274 0,"700",.jpg,"Oops, this is incorrect! \n    <br> Remember, choose the one which is <b>smaller</b> on the screen.","5000","","","","","",ITI,"",f j,j,hide,"2",incongruent,right,smaller,-274 0;274 0,700,42,"16.67",637587,j,2028,"1",""
82,test,lizardLarge,rhinoSmall,-371 0; 371 0,"700",.jpg,"Oops, this is incorrect! \n    <br> Remember, choose the one which is <b>smaller</b> on the screen.","5000","","","","","",ITI,"",f j,j,hide,"2",incongruent,right,smaller,-371 0;371 0,700,42,"16.67",639674,j,1399,"1",""
168,test,cauliflowerLarge,onionSmall,-320 0; 320 0,"700",.jpg,"Oops, this is incorrect! \n    <br> Remember, choose the one which is <b>smaller</b> on the screen.","5000","","","","","",ITI,"",f j,j,hide,"2",congruent,right,smaller,-320 0;320 0,700,42,"16.67",642138,j,1780,"1",""
118,test,hairdryerLarge,tableSmall,-351 0; 351 0,"700",.jpg,"Oops, this is incorrect! \n    <br> Remember, choose the one which is <b>smaller</b> on the screen.","5000","","","","","",ITI,"",f j,j,hide,"2",incongruent,right,smaller,-351 0;351 0,700,42,"16.67",644490,j,1665,"1",""
113,test,traySmall,bedLarge,-354 0; 354 0,"700",.jpg,"Oops, this is incorrect! \n    <br> Remember, choose the one which is <b>smaller</b> on the screen.","5000","","","","","",ITI,"",f j,f,hide,"2",congruent,left,smaller,-354 0;354 0,700,42,"16.67",646514,f,1339,"1",""
244,test,fountainLarge,joystickSmall,-364 0; 364 0,"700",.jpg,"Oops, this is incorrect! \n    <br> Remember, choose the one which is <b>smaller</b> on the screen.","5000","","","","","",ITI,"",f j,j,hide,"2",congruent,right,smaller,-364 0;364 0,700,42,"16.67",650874,j,3666,"1",""
137,test,apricotSmall,watermelonLarge,-302 0; 302 0,"700",.jpg,"Oops, this is incorrect! \n    <br> Remember, choose the one which is <b>smaller</b> on the screen.","5000","","","","","",ITI,"",f j,f,hide,"2",congruent,left,smaller,-302 0;302 0,700,42,"16.67",652490,f,931,"1",""
78,test,beeLarge,sheepSmall,-319 0; 319 0,"700",.jpg,"Oops, this is incorrect! \n    <br> Remember, choose the one which is <b>smaller</b> on the screen.","5000","","","","","",ITI,"",f j,j,hide,"2",incongruent,right,smaller,-319 0;319 0,700,42,"16.67",654513,j,1339,"1",""
189,test,croissantSmall,breadLarge,-341 0; 341 0,"700",.jpg,"Oops, this is incorrect! \n    <br> Remember, choose the one which is <b>smaller</b> on the screen.","5000","","","","","",ITI,"",f j,f,hide,"2",congruent,left,smaller,-341 0;341 0,700,42,"16.67",656409,f,1199,"1",""
128,test,dishwasherLarge,backpackSmall,-259 0; 259 0,"700",.jpg,"Oops, this is incorrect! \n    <br> Remember, choose the one which is <b>smaller</b> on the screen.","5000","","","","","",ITI,"",f j,j,hide,"2",congruent,right,smaller,-259 0;259 0,700,42,"16.67",658153,j,1045,"1",""
177,test,green beanSmall,cornLarge,-348 0; 348 0,"700",.jpg,"Oops, this is incorrect! \n    <br> Remember, choose the one which is <b>smaller</b> on the screen.","5000","","","","","",ITI,"",f j,f,hide,"2",congruent,left,smaller,-348 0;348 0,700,42,"16.67",659817,f,976,"1",""
96,test,sofaLarge,microwaveSmall,-345 0; 345 0,"700",.jpg,"Oops, this is incorrect! \n    <br> Remember, choose the one which is <b>smaller</b> on the screen.","5000","","","","","",ITI,"",f j,j,hide,"2",congruent,right,smaller,-345 0;345 0,700,42,"16.67",662753,j,2246,"1",""
239,test,guitarSmall,popsicleLarge,-153 0; 153 0,"700",.jpg,"Oops, this is incorrect! \n    <br> Remember, choose the one which is <b>smaller</b> on the screen.","5000","","","","","",ITI,"",f j,f,hide,"2",incongruent,left,smaller,-153 0;153 0,700,42,"16.67",664425,f,984,"1",""
184,test,cookieLarge,pizzaSmall,-301 0; 301 0,"700",.jpg,"Oops, this is incorrect! \n    <br> Remember, choose the one which is <b>smaller</b> on the screen.","5000","","","","","",ITI,"",f j,j,hide,"2",congruent,right,smaller,-301 0;301 0,700,42,"16.67",665945,j,820,"1",""
107,test,ladderSmall,hammerLarge,-156 0; 156 0,"700",.jpg,"Oops, this is incorrect! \n    <br> Remember, choose the one which is <b>smaller</b> on the screen.","5000","","","","","",ITI,"",f j,f,hide,"2",incongruent,left,smaller,-156 0;156 0,700,42,"16.67",667593,f,952,"1",""
181,test,radishSmall,cabbageLarge,-333 0; 333 0,"700",.jpg,"Oops, this is incorrect! \n    <br> Remember, choose the one which is <b>smaller</b> on the screen.","5000","","","","","",ITI,"",f j,f,hide,"2",congruent,left,smaller,-333 0;333 0,700,42,"16.67",669480,f,1190,"1",""
45,test,parrotSmall,orangutanLarge,-207 0; 207 0,"700",.jpg,"Oops, this is incorrect! \n    <br> Remember, choose the one which is <b>smaller</b> on the screen.","5000","","","","","",ITI,"",f j,f,hide,"2",congruent,left,smaller,-207 0;207 0,700,42,"16.67",671824,f,1651,"1",""
212,test,carLarge,wheelbarrowSmall,-347 0; 347 0,"700",.jpg,"Oops, this is incorrect! \n    <br> Remember, choose the one which is <b>smaller</b> on the screen.","5000","","","","","",ITI,"",f j,j,hide,"2",congruent,right,smaller,-347 0;347 0,700,42,"16.67",675520,j,2997,"1",""
146,test,cherryLarge,pineappleSmall,-223 0; 223 0,"700",.jpg,"Oops, this is incorrect! \n    <br> Remember, choose the one which is <b>smaller</b> on the screen.","5000","","","","","",ITI,"",f j,j,hide,"2",incongruent,right,smaller,-223 0;223 0,700,42,"16.67",677384,j,1177,"1",""
193,test,mopedSmall,truckLarge,-322 0; 322 0,"700",.jpg,"Oops, this is incorrect! \n    <br> Remember, choose the one which is <b>smaller</b> on the screen.","5000","","","","","",ITI,"",f j,f,hide,"2",congruent,left,smaller,-322 0;322 0,700,42,"16.67",679232,f,1159,"1",""
147,test,pomegranateSmall,strawberryLarge,-286 0; 286 0,"700",.jpg,"Oops, this is incorrect! \n    <br> Remember, choose the one which is <b>smaller</b> on the screen.","5000","","","","","",ITI,"",f j,f,hide,"2",incongruent,left,smaller,-286 0;286 0,700,42,"16.67",682808,f,2885,"1",""
171,test,lettuceSmall,oliveLarge,-363 0; 363 0,"700",.jpg,"Oops, this is incorrect! \n    <br> Remember, choose the one which is <b>smaller</b> on the screen.","5000","","","","","",ITI,"",f j,f,hide,"2",incongruent,left,smaller,-363 0;363 0,700,42,"16.67",686344,f,2837,"1",""
122,test,toasterLarge,armchairSmall,-312 0; 312 0,"700",.jpg,"Oops, this is incorrect! \n    <br> Remember, choose the one which is <b>smaller</b> on the screen.","5000","","","","","",ITI,"",f j,j,hide,"2",incongruent,right,smaller,-312 0;312 0,700,42,"16.67",688168,j,1128,"1",""
28,test,tigerLarge,rabbitSmall,-301 0; 301 0,"700",.jpg,"Oops, this is incorrect! \n    <br> Remember, choose the one which is <b>smaller</b> on the screen.","5000","","","","","",ITI,"",f j,j,hide,"2",congruent,right,smaller,-301 0;301 0,700,42,"16.67",690103,j,1247,"1",""
111,test,bedSmall,trayLarge,-350 0; 350 0,"700",.jpg,"Oops, this is incorrect! \n    <br> Remember, choose the one which is <b>smaller</b> on the screen.","5000","","","","","",ITI,"",f j,f,hide,"2",incongruent,left,smaller,-350 0;350 0,700,42,"16.67",691767,f,978,"1",""
129,test,backpackSmall,dishwasherLarge,-259 0; 259 0,"700",.jpg,"Oops, this is incorrect! \n    <br> Remember, choose the one which is <b>smaller</b> on the screen.","5000","","","","","",ITI,"",f j,f,hide,"2",congruent,left,smaller,-259 0;259 0,700,42,"16.67",693551,f,1095,"1",""
21,test,shrimpSmall,alligatorLarge,-337 0; 337 0,"700",.jpg,"Oops, this is incorrect! \n    <br> Remember, choose the one which is <b>smaller</b> on the screen.","5000","","","","","",ITI,"",f j,f,hide,"2",congruent,left,smaller,-337 0;337 0,700,42,"16.67",695439,f,1200,"1",""
94,test,kittyLarge,donkeySmall,-317 0; 317 0,"700",.jpg,"Oops, this is incorrect! \n    <br> Remember, choose the one which is <b>smaller</b> on the screen.","5000","","","","","",ITI,"",f j,j,hide,"2",incongruent,right,smaller,-317 0;317 0,700,42,"16.67",698199,j,2060,"1",""
19,test,alligatorSmall,shrimpLarge,-335 0; 335 0,"700",.jpg,"Oops, this is incorrect! \n    <br> Remember, choose the one which is <b>smaller</b> on the screen.","5000","","","","","",ITI,"",f j,f,hide,"2",incongruent,left,smaller,-335 0;335 0,700,42,"16.67",700303,f,1413,"1",""
156,test,melonLarge,plumSmall,-330 0; 330 0,"700",.jpg,"Oops, this is incorrect! \n    <br> Remember, choose the one which is <b>smaller</b> on the screen.","5000","","","","","",ITI,"",f j,j,hide,"2",congruent,right,smaller,-330 0;330 0,700,42,"16.67",702143,j,1153,"1",""
245,test,joystickSmall,fountainLarge,-364 0; 364 0,"700",.jpg,"Oops, this is incorrect! \n    <br> Remember, choose the one which is <b>smaller</b> on the screen.","5000","","","","","",ITI,"",f j,f,hide,"2",congruent,left,smaller,-364 0;364 0,700,42,"16.67",707230,f,4391,"1",""
74,test,cricketLarge,walrusSmall,-369 0; 369 0,"700",.jpg,"Oops, this is incorrect! \n    <br> Remember, choose the one which is <b>smaller</b> on the screen.","5000","","","","","",ITI,"",f j,j,hide,"2",incongruent,right,smaller,-369 0;369 0,700,42,"16.67",710430,j,2508,"1",""
220,test,leafLarge,houseSmall,-342 0; 342 0,"700",.jpg,"Oops, this is incorrect! \n    <br> Remember, choose the one which is <b>smaller</b> on the screen.","5000","","","","","",ITI,"",f j,j,hide,"2",congruent,right,smaller,-342 0;342 0,700,42,"16.67",712846,j,1725,"1",""
242,test,popsicleLarge,guitarSmall,-153 0; 153 0,"700",.jpg,"Oops, this is incorrect! \n    <br> Remember, choose the one which is <b>smaller</b> on the screen.","5000","","","","","",ITI,"",f j,j,hide,"2",incongruent,right,smaller,-153 0;153 0,700,42,"16.67",714742,j,1204,"1",""
204,test,airplaneLarge,skateboardSmall,-334 0; 334 0,"700",.jpg,"Oops, this is incorrect! \n    <br> Remember, choose the one which is <b>smaller</b> on the screen.","5000","","","","","",ITI,"",f j,j,hide,"2",congruent,right,smaller,-334 0;334 0,700,42,"16.67",716998,j,1559,"1",""
194,test,mopedLarge,truckSmall,-312 0; 312 0,"700",.jpg,"Oops, this is incorrect! \n    <br> Remember, choose the one which is <b>smaller</b> on the screen.","5000","","","","","",ITI,"",f j,j,hide,"2",incongruent,right,smaller,-312 0;312 0,700,42,"16.67",720358,j,2669,"1",""
24,test,hippoLarge,turtleSmall,-366 0; 366 0,"700",.jpg,"Oops, this is incorrect! \n    <br> Remember, choose the one which is <b>smaller</b> on the screen.","5000","","","","","",ITI,"",f j,j,hide,"2",congruent,right,smaller,-366 0;366 0,700,42,"16.67",723702,j,2647,"1",""
241,test,popsicleSmall,guitarLarge,-155 0; 155 0,"700",.jpg,"Oops, this is incorrect! \n    <br> Remember, choose the one which is <b>smaller</b> on the screen.","5000","","","","","",ITI,"",f j,f,hide,"2",congruent,left,smaller,-155 0;155 0,700,42,"16.67",726342,f,1954,"1",""
227,test,skyscraperSmall,graterLarge,-211 0; 211 0,"700",.jpg,"Oops, this is incorrect! \n    <br> Remember, choose the one which is <b>smaller</b> on the screen.","5000","","","","","",ITI,"",f j,f,hide,"2",incongruent,left,smaller,-211 0;211 0,700,42,"16.67",728501,f,1463,"1",""
173,test,oliveSmall,lettuceLarge,-365 0; 365 0,"700",.jpg,"Oops, this is incorrect! \n    <br> Remember, choose the one which is <b>smaller</b> on the screen.","5000","","","","","",ITI,"",f j,f,hide,"2",congruent,left,smaller,-365 0;365 0,700,42,"16.67",730309,f,1121,"1",""
71,test,walrusSmall,cricketLarge,-369 0; 369 0,"700",.jpg,"Oops, this is incorrect! \n    <br> Remember, choose the one which is <b>smaller</b> on the screen.","5000","","","","","",ITI,"",f j,f,hide,"2",incongruent,left,smaller,-369 0;369 0,700,42,"16.67",732605,f,1600,"1",""
187,test,breadSmall,croissantLarge,-341 0; 341 0,"700",.jpg,"Oops, this is incorrect! \n    <br> Remember, choose the one which is <b>smaller</b> on the screen.","5000","","","","","",ITI,"",f j,f,hide,"2",incongruent,left,smaller,-341 0;341 0,700,42,"16.67",734605,f,1300,"1",""
52,test,dolphinLarge,goldfishSmall,-341 0; 341 0,"700",.jpg,"Oops, this is incorrect! \n    <br> Remember, choose the one which is <b>smaller</b> on the screen.","5000","","","","","",ITI,"",f j,j,hide,"2",congruent,right,smaller,-341 0;341 0,700,42,"16.67",736309,j,1005,"1",""
251,test,tentSmall,headphonesLarge,-317 0; 317 0,"700",.jpg,"Oops, this is incorrect! \n    <br> Remember, choose the one which is <b>smaller</b> on the screen.","5000","","","","","",ITI,"",f j,f,hide,"2",incongruent,left,smaller,-317 0;317 0,700,42,"16.67",738125,f,1121,"1",""
172,test,lettuceLarge,oliveSmall,-365 0; 365 0,"700",.jpg,"Oops, this is incorrect! \n    <br> Remember, choose the one which is <b>smaller</b> on the screen.","5000","","","","","",ITI,"",f j,j,hide,"2",congruent,right,smaller,-365 0;365 0,700,42,"16.67",739733,j,912,"1",""
170,test,onionLarge,cauliflowerSmall,-321 0; 321 0,"700",.jpg,"Oops, this is incorrect! \n    <br> Remember, choose the one which is <b>smaller</b> on the screen.","5000","","","","","",ITI,"",f j,j,hide,"2",incongruent,right,smaller,-321 0;321 0,700,42,"16.67",741388,j,967,"1",""
154,test,raspberryLarge,orangeSmall,-308 0; 308 0,"700",.jpg,"Oops, this is incorrect! \n    <br> Remember, choose the one which is <b>smaller</b> on the screen.","5000","","","","","",ITI,"",f j,j,hide,"2",incongruent,right,smaller,-308 0;308 0,700,42,"16.67",743037,j,950,"1",""
218,test,coinLarge,wheelSmall,-300 0; 300 0,"700",.jpg,"Oops, this is incorrect! \n    <br> Remember, choose the one which is <b>smaller</b> on the screen.","5000","","","","","",ITI,"",f j,j,hide,"2",incongruent,right,smaller,-300 0;300 0,700,42,"16.67",744965,j,1228,"1",""
50,test,duckLarge,zebraSmall,-315 0; 315 0,"700",.jpg,"Oops, this is incorrect! \n    <br> Remember, choose the one which is <b>smaller</b> on the screen.","5000","","","","","",ITI,"",f j,j,hide,"2",incongruent,right,smaller,-315 0;315 0,700,42,"16.67",746812,j,1158,"1",""
84,test,giraffeLarge,antSmall,-317 0; 317 0,"700",.jpg,"Oops, this is incorrect! \n    <br> Remember, choose the one which is <b>smaller</b> on the screen.","5000","","","","","",ITI,"",f j,j,hide,"2",congruent,right,smaller,-317 0;317 0,700,42,"16.67",748324,j,820,"1",""
104,test,refrigeratorLarge,corkscrewSmall,-231 0; 231 0,"700",.jpg,"Oops, this is incorrect! \n    <br> Remember, choose the one which is <b>smaller</b> on the screen.","5000","","","","","",ITI,"",f j,j,hide,"2",congruent,right,smaller,-231 0;231 0,700,42,"16.67",749988,j,968,"1",""
120,test,armchairLarge,toasterSmall,-312 0; 312 0,"700",.jpg,"Oops, this is incorrect! \n    <br> Remember, choose the one which is <b>smaller</b> on the screen.","5000","","","","","",ITI,"",f j,j,hide,"2",congruent,right,smaller,-312 0;312 0,700,42,"16.67",751756,j,1069,"1",""
142,test,blueberryLarge,coconutSmall,-309 0; 309 0,"700",.jpg,"Oops, this is incorrect! \n    <br> Remember, choose the one which is <b>smaller</b> on the screen.","5000","","","","","",ITI,"",f j,j,hide,"2",incongruent,right,smaller,-309 0;309 0,700,42,"16.67",753260,j,806,"1",""
97,test,microwaveSmall,sofaLarge,-345 0; 345 0,"700",.jpg,"Oops, this is incorrect! \n    <br> Remember, choose the one which is <b>smaller</b> on the screen.","5000","","","","","",ITI,"",f j,f,hide,"2",congruent,left,smaller,-345 0;345 0,700,42,"16.67",755100,f,1147,"1",""
223,test,treeSmall,lighterLarge,-192 0; 192 0,"700",.jpg,"Oops, this is incorrect! \n    <br> Remember, choose the one which is <b>smaller</b> on the screen.","5000","","","","","",ITI,"",f j,f,hide,"2",incongruent,left,smaller,-192 0;192 0,700,42,"16.67",756708,f,921,"1",""
27,test,tigerSmall,rabbitLarge,-306 0; 306 0,"700",.jpg,"Oops, this is incorrect! \n    <br> Remember, choose the one which is <b>smaller</b> on the screen.","5000","","","","","",ITI,"",f j,f,hide,"2",incongruent,left,smaller,-306 0;306 0,700,42,"16.67",758860,f,1457,"1",""
16,test,lionLarge,mouseSmall,-334 0; 334 0,"700",.jpg,"Oops, this is incorrect! \n    <br> Remember, choose the one which is <b>smaller</b> on the screen.","5000","","","","","",ITI,"",f j,j,hide,"2",congruent,right,smaller,-334 0;334 0,700,42,"16.67",760556,j,1002,"1",""
57,test,wolfSmall,bearLarge,-295 0; 295 0,"700",.jpg,"Oops, this is incorrect! \n    <br> Remember, choose the one which is <b>smaller</b> on the screen.","5000","","","","","",ITI,"",f j,f,hide,"2",congruent,left,smaller,-295 0;295 0,700,42,"16.67",762524,f,1270,"1",""
26,test,turtleLarge,hippoSmall,-365 0; 365 0,"700",.jpg,"Oops, this is incorrect! \n    <br> Remember, choose the one which is <b>smaller</b> on the screen.","5000","","","","","",ITI,"",f j,j,hide,"2",incongruent,right,smaller,-365 0;365 0,700,42,"16.67",764339,j,1119,"1",""
176,test,cornLarge,green beanSmall,-348 0; 348 0,"700",.jpg,"Oops, this is incorrect! \n    <br> Remember, choose the one which is <b>smaller</b> on the screen.","5000","","","","","",ITI,"",f j,j,hide,"2",congruent,right,smaller,-348 0;348 0,700,42,"16.67",765836,j,800,"1",""
38,test,butterflyLarge,elephantSmall,-328 0; 328 0,"700",.jpg,"Oops, this is incorrect! \n    <br> Remember, choose the one which is <b>smaller</b> on the screen.","5000","","","","","",ITI,"",f j,j,hide,"2",incongruent,right,smaller,-328 0;328 0,700,42,"16.67",768259,j,1723,"1",""
117,test,hairdryerSmall,tableLarge,-350 0; 350 0,"700",.jpg,"Oops, this is incorrect! \n    <br> Remember, choose the one which is <b>smaller</b> on the screen.","5000","","","","","",ITI,"",f j,f,hide,"2",congruent,left,smaller,-350 0;350 0,700,42,"16.67",770043,f,1090,"1",""
199,test,schoolbusSmall,bikeLarge,-366 0; 366 0,"700",.jpg,"Oops, this is incorrect! \n    <br> Remember, choose the one which is <b>smaller</b> on the screen.","5000","","","","","",ITI,"",f j,f,hide,"2",incongruent,left,smaller,-366 0;366 0,700,42,"16.67",773147,f,2411,"1",""
207,test,shipSmall,boatLarge,-336 0; 336 0,"700",.jpg,"Oops, this is incorrect! \n    <br> Remember, choose the one which is <b>smaller</b> on the screen.","5000","","","","","",ITI,"",f j,f,hide,"2",incongruent,left,smaller,-336 0;336 0,700,42,"16.67",775379,f,1543,"1",""
233,test,featherSmall,suitcaseLarge,-338 0; 338 0,"700",.jpg,"Oops, this is incorrect! \n    <br> Remember, choose the one which is <b>smaller</b> on the screen.","5000","","","","","",ITI,"",f j,f,hide,"2",congruent,left,smaller,-338 0;338 0,700,42,"16.67",777147,f,1077,"1",""
159,test,pumpkinSmall,mushroomLarge,-302 0; 302 0,"700",.jpg,"Oops, this is incorrect! \n    <br> Remember, choose the one which is <b>smaller</b> on the screen.","5000","","","","","",ITI,"",f j,f,hide,"2",incongruent,left,smaller,-302 0;302 0,700,42,"16.67",778867,f,1030,"1",""
67,test,horseSmall,chickLarge,-337 0; 337 0,"700",.jpg,"Oops, this is incorrect! \n    <br> Remember, choose the one which is <b>smaller</b> on the screen.","5000","","","","","",ITI,"",f j,f,hide,"2",incongruent,left,smaller,-337 0;337 0,700,42,"16.67",780491,f,938,"1",""
64,test,pandaLarge,chickenSmall,-333 0; 333 0,"700",.jpg,"Oops, this is incorrect! \n    <br> Remember, choose the one which is <b>smaller</b> on the screen.","5000","","","","","",ITI,"",f j,j,hide,"2",congruent,right,smaller,-333 0;333 0,700,42,"16.67",782243,j,1057,"1",""
162,test,mushroomLarge,pumpkinSmall,-302 0; 302 0,"700",.jpg,"Oops, this is incorrect! \n    <br> Remember, choose the one which is <b>smaller</b> on the screen.","5000","","","","","",ITI,"",f j,j,hide,"2",incongruent,right,smaller,-302 0;302 0,700,42,"16.67",783786,j,851,"1",""
209,test,boatSmall,shipLarge,-335 0; 335 0,"700",.jpg,"Oops, this is incorrect! \n    <br> Remember, choose the one which is <b>smaller</b> on the screen.","5000","","","","","",ITI,"",f j,f,hide,"2",congruent,left,smaller,-335 0;335 0,700,42,"16.67",785298,f,813,"1",""
88,test,deerLarge,frogSmall,-295 0; 295 0,"700",.jpg,"Oops, this is incorrect! \n    <br> Remember, choose the one which is <b>smaller</b> on the screen.","5000","","","","","",ITI,"",f j,j,hide,"2",congruent,right,smaller,-295 0;295 0,700,42,"16.67",788363,j,2377,"1",""
235,test,trashbinSmall,keyLarge,-202 0; 202 0,"700",.jpg,"Oops, this is incorrect! \n    <br> Remember, choose the one which is <b>smaller</b> on the screen.","5000","","","","","",ITI,"",f j,f,hide,"2",incongruent,left,smaller,-202 0;202 0,700,42,"16.67",790090,f,1037,"1",""
98,test,microwaveLarge,sofaSmall,-353 0; 353 0,"700",.jpg,"Oops, this is incorrect! \n    <br> Remember, choose the one which is <b>smaller</b> on the screen.","5000","","","","","",ITI,"",f j,j,hide,"2",incongruent,right,smaller,-353 0;353 0,700,42,"16.67",792154,j,1369,"1",""
243,test,fountainSmall,joystickLarge,-363 0; 363 0,"700",.jpg,"Oops, this is incorrect! \n    <br> Remember, choose the one which is <b>smaller</b> on the screen.","5000","","","","","",ITI,"",f j,f,hide,"2",incongruent,left,smaller,-363 0;363 0,700,42,"16.67",793954,f,1102,"1",""
202,test,bikeLarge,schoolbusSmall,-366 0; 366 0,"700",.jpg,"Oops, this is incorrect! \n    <br> Remember, choose the one which is <b>smaller</b> on the screen.","5000","","","","","",ITI,"",f j,j,hide,"2",incongruent,right,smaller,-366 0;366 0,700,42,"16.67",796474,j,1822,"1",""
253,test,headphonesSmall,tentLarge,-322 0; 322 0,"700",.jpg,"Oops, this is incorrect! \n    <br> Remember, choose the one which is <b>smaller</b> on the screen.","5000","","","","","",ITI,"",f j,f,hide,"2",congruent,left,smaller,-322 0;322 0,700,42,"16.67",798329,f,1161,"1",""
167,test,cauliflowerSmall,onionLarge,-321 0; 321 0,"700",.jpg,"Oops, this is incorrect! \n    <br> Remember, choose the one which is <b>smaller</b> on the screen.","5000","","","","","",ITI,"",f j,f,hide,"2",incongruent,left,smaller,-321 0;321 0,700,42,"16.67",799946,f,927,"1",""
222,test,houseLarge,leafSmall,-337 0; 337 0,"700",.jpg,"Oops, this is incorrect! \n    <br> Remember, choose the one which is <b>smaller</b> on the screen.","5000","","","","","",ITI,"",f j,j,hide,"2",incongruent,right,smaller,-337 0;337 0,700,42,"16.67",802578,j,1943,"1",""
155,test,melonSmall,plumLarge,-331 0; 331 0,"700",.jpg,"Oops, this is incorrect! \n    <br> Remember, choose the one which is <b>smaller</b> on the screen.","5000","","","","","",ITI,"",f j,f,hide,"2",incongruent,left,smaller,-331 0;331 0,700,42,"16.67",804138,f,869,"1",""
252,test,tentLarge,headphonesSmall,-322 0; 322 0,"700",.jpg,"Oops, this is incorrect! \n    <br> Remember, choose the one which is <b>smaller</b> on the screen.","5000","","","","","",ITI,"",f j,j,hide,"2",congruent,right,smaller,-322 0;322 0,700,42,"16.67",806625,j,1790,"1",""
51,test,dolphinSmall,goldfishLarge,-341 0; 341 0,"700",.jpg,"Oops, this is incorrect! \n    <br> Remember, choose the one which is <b>smaller</b> on the screen.","5000","","","","","",ITI,"",f j,f,hide,"2",incongruent,left,smaller,-341 0;341 0,700,42,"16.67",808297,f,979,"1",""
206,test,skateboardLarge,airplaneSmall,-335 0; 335 0,"700",.jpg,"Oops, this is incorrect! \n    <br> Remember, choose the one which is <b>smaller</b> on the screen.","5000","","","","","",ITI,"",f j,j,hide,"2",incongruent,right,smaller,-335 0;335 0,700,42,"16.67",813818,j,4833,"1",""
254,test,headphonesLarge,tentSmall,-317 0; 317 0,"700",.jpg,"Oops, this is incorrect! \n    <br> Remember, choose the one which is <b>smaller</b> on the screen.","5000","","","","","",ITI,"",f j,j,hide,"2",incongruent,right,smaller,-317 0;317 0,700,42,"16.67",815593,j,1075,"1",""
164,test,eggplantLarge,chilliSmall,-274 0; 274 0,"700",.jpg,"Oops, this is incorrect! \n    <br> Remember, choose the one which is <b>smaller</b> on the screen.","5000","","","","","",ITI,"",f j,j,hide,"2",congruent,right,smaller,-274 0;274 0,700,42,"16.67",817377,j,1092,"1",""
240,test,guitarLarge,popsicleSmall,-155 0; 155 0,"700",.jpg,"Oops, this is incorrect! \n    <br> Remember, choose the one which is <b>smaller</b> on the screen.","5000","","","","","",ITI,"",f j,j,hide,"2",congruent,right,smaller,-155 0;155 0,700,42,"16.67",818921,j,853,"1",""